Fiscal Year,Category,Type,Scope,Description,Emissions
2022,Corporate emissions,Gross emissions,Scope 1,Others,39700
2022,Corporate emissions,Gross emissions,Scope 1,Others,12600
2022,Corporate emissions,Gross emissions,Scope 1,Others,2900
2022,Corporate emissions,Gross emissions,Scope 2 (market-based),Others,0
2022,Corporate emissions,Gross emissions,Scope 2 (market-based),Others,3000
2022,Corporate emissions,Gross emissions,Scope 3,Others,113500
2022,Corporate emissions,Gross emissions,Scope 3,Others,134200
2022,Corporate emissions,Gross emissions,Scope 3,Others,10600
2022,Corporate emissions,Gross emissions,Scope 3,Others,7500
2022,Corporate emissions,Gross emissions,Scope 3,Others,0
2022,Corporate emissions,Gross emissions,Scope 3,Others,0
2022,Corporate emissions,Carbon removals,,Others,-324100
2022,Product life cycle emissions,Gross emissions,Scope 3,Manufacturing,13400000
2022,Product life cycle emissions,Gross emissions,Scope 3,Product transportation,1900000
2022,Product life cycle emissions,Gross emissions,Scope 3,Product use,4900000
2022,Product life cycle emissions,Gross emissions,Scope 3,Others,80000
2022,Product life cycle emissions,Carbon removals,,Others,0
2021,Corporate emissions,Gross emissions,Scope 1,Others,40070
2021,Corporate emissions,Gross emissions,Scope 1,Others,12090
2021,Corporate emissions,Gross emissions,Scope 1,Others,3040
2021,Corporate emissions,Gross emissions,Scope 2 (market-based),Others,0
2021,Corporate emissions,Gross emissions,Scope 2 (market-based),Others,2780
2021,Corporate emissions,Gross emissions,Scope 3,Others,22850
2021,Corporate emissions,Gross emissions,Scope 3,Others,85570
2021,Corporate emissions,Gross emissions,Scope 3,Others,0
2021,Corporate emissions,Gross emissions,Scope 3,Others,0
2021,Corporate emissions,Gross emissions,Scope 3,Others,
2021,Corporate emissions,Gross emissions,Scope 3,Others,0
2021,Corporate emissions,Carbon removals,,Others,-167000
2021,Product life cycle emissions,Gross emissions,Scope 3,Manufacturing,16200000
2021,Product life cycle emissions,Gross emissions,Scope 3,Product transportation,1750000
2021,Product life cycle emissions,Gross emissions,Scope 3,Product use,4990000
2021,Product life cycle emissions,Gross emissions,Scope 3,Others,80000
2021,Product life cycle emissions,Carbon removals,,Others,-500000
2020,Corporate emissions,Gross emissions,Scope 1,Others,39340
2020,Corporate emissions,Gross emissions,Scope 1,Others,4270
2020,Corporate emissions,Gross emissions,Scope 1,Others,3830
2020,Corporate emissions,Gross emissions,Scope 2 (market-based),Others,0
2020,Corporate emissions,Gross emissions,Scope 2 (market-based),Others,0
2020,Corporate emissions,Gross emissions,Scope 3,Others,153000
2020,Corporate emissions,Gross emissions,Scope 3,Others,134000
2020,Corporate emissions,Gross emissions,Scope 3,Others,0
2020,Corporate emissions,Gross emissions,Scope 3,Others,0
2020,Corporate emissions,Gross emissions,Scope 3,Others,
2020,Corporate emissions,Gross emissions,Scope 3,Others,0
2020,Corporate emissions,Carbon removals,,Others,-70000
2020,Product life cycle emissions,Gross emissions,Scope 3,Manufacturing,16100000
2020,Product life cycle emissions,Gross emissions,Scope 3,Product transportation,1800000
2020,Product life cycle emissions,Gross emissions,Scope 3,Product use,4300000
2020,Product life cycle emissions,Gross emissions,Scope 3,Others,60000
2020,Product life cycle emissions,Carbon removals,,Others,0
2019,Corporate emissions,Gross emissions,Scope 1,Others,40910
2019,Corporate emissions,Gross emissions,Scope 1,Others,6950
2019,Corporate emissions,Gross emissions,Scope 1,Others,4870
2019,Corporate emissions,Gross emissions,Scope 2 (market-based),Others,0
2019,Corporate emissions,Gross emissions,Scope 2 (market-based),Others,0
2019,Corporate emissions,Gross emissions,Scope 3,Others,326000
2019,Corporate emissions,Gross emissions,Scope 3,Others,195000
2019,Corporate emissions,Gross emissions,Scope 3,Others,0
2019,Corporate emissions,Gross emissions,Scope 3,Others,0
2019,Corporate emissions,Gross emissions,Scope 3,Others,
2019,Corporate emissions,Gross emissions,Scope 3,Others,0
2019,Corporate emissions,Carbon removals,,Others,0
2019,Product life cycle emissions,Gross emissions,Scope 3,Manufacturing,18900000
2019,Product life cycle emissions,Gross emissions,Scope 3,Product transportation,1400000
2019,Product life cycle emissions,Gross emissions,Scope 3,Product use,4100000
2019,Product life cycle emissions,Gross emissions,Scope 3,Others,60000
2019,Product life cycle emissions,Carbon removals,,Others,0
2018,Corporate emissions,Gross emissions,Scope 1,Others,42840
2018,Corporate emissions,Gross emissions,Scope 1,Others,11110
2018,Corporate emissions,Gross emissions,Scope 1,Others,3490
2018,Corporate emissions,Gross emissions,Scope 2 (market-based),Others,8730
2018,Corporate emissions,Gross emissions,Scope 2 (market-based),Others,0
2018,Corporate emissions,Gross emissions,Scope 3,Others,337000
2018,Corporate emissions,Gross emissions,Scope 3,Others,183000
2018,Corporate emissions,Gross emissions,Scope 3,Others,0
2018,Corporate emissions,Gross emissions,Scope 3,Others,0
2018,Corporate emissions,Gross emissions,Scope 3,Others,
2018,Corporate emissions,Gross emissions,Scope 3,Others,0
2018,Corporate emissions,Carbon removals,,Others,0
2018,Product life cycle emissions,Gross emissions,Scope 3,Manufacturing,18500000
2018,Product life cycle emissions,Gross emissions,Scope 3,Product transportation,1300000
2018,Product life cycle emissions,Gross emissions,Scope 3,Product use,4700000
2018,Product life cycle emissions,Gross emissions,Scope 3,Others,50000
2018,Product life cycle emissions,Carbon removals,,Others,0
2017,Corporate emissions,Gross emissions,Scope 1,Others,36210
2017,Corporate emissions,Gross emissions,Scope 1,Others,8300
2017,Corporate emissions,Gross emissions,Scope 1,Others,2540
2017,Corporate emissions,Gross emissions,Scope 2 (market-based),Others,36250
2017,Corporate emissions,Gross emissions,Scope 2 (market-based),Others,
2017,Corporate emissions,Gross emissions,Scope 3,Others,121000
2017,Corporate emissions,Gross emissions,Scope 3,Others,172000
2017,Corporate emissions,Gross emissions,Scope 3,Others,
2017,Corporate emissions,Gross emissions,Scope 3,Others,
2017,Corporate emissions,Gross emissions,Scope 3,Others,
2017,Corporate emissions,Gross emissions,Scope 3,Others,
2017,Corporate emissions,Carbon removals,,Others,
2017,Product life cycle emissions,Gross emissions,Scope 3,Manufacturing,21100000
2017,Product life cycle emissions,Gross emissions,Scope 3,Product transportation,1200000
2017,Product life cycle emissions,Gross emissions,Scope 3,Product use,4700000
2017,Product life cycle emissions,Gross emissions,Scope 3,Others,40000
2017,Product life cycle emissions,Carbon removals,,Others,
2016,Corporate emissions,Gross emissions,Scope 1,Others,27000
2016,Corporate emissions,Gross emissions,Scope 1,Others,7370
2016,Corporate emissions,Gross emissions,Scope 1,Others,
2016,Corporate emissions,Gross emissions,Scope 2 (market-based),Others,41000
2016,Corporate emissions,Gross emissions,Scope 2 (market-based),Others,
2016,Corporate emissions,Gross emissions,Scope 3,Others,118000
2016,Corporate emissions,Gross emissions,Scope 3,Others,186000
2016,Corporate emissions,Gross emissions,Scope 3,Others,
2016,Corporate emissions,Gross emissions,Scope 3,Others,
2016,Corporate emissions,Gross emissions,Scope 3,Others,
2016,Corporate emissions,Gross emissions,Scope 3,Others,
2016,Corporate emissions,Carbon removals,,Others,
2016,Product life cycle emissions,Gross emissions,Scope 3,Manufacturing,22800000
2016,Product life cycle emissions,Gross emissions,Scope 3,Product transportation,1200000
2016,Product life cycle emissions,Gross emissions,Scope 3,Product use,4900000
2016,Product life cycle emissions,Gross emissions,Scope 3,Others,300000
2016,Product life cycle emissions,Carbon removals,,Others,
2015,Corporate emissions,Gross emissions,Scope 1,Others,19360
2015,Corporate emissions,Gross emissions,Scope 1,Others,8740
2015,Corporate emissions,Gross emissions,Scope 1,Others,
2015,Corporate emissions,Gross emissions,Scope 2 (market-based),Others,42460
2015,Corporate emissions,Gross emissions,Scope 2 (market-based),Others,
2015,Corporate emissions,Gross emissions,Scope 3,Others,139940
2015,Corporate emissions,Gross emissions,Scope 3,Others,172970
2015,Corporate emissions,Gross emissions,Scope 3,Others,
2015,Corporate emissions,Gross emissions,Scope 3,Others,
2015,Corporate emissions,Gross emissions,Scope 3,Others,
2015,Corporate emissions,Gross emissions,Scope 3,Others,
2015,Corporate emissions,Carbon removals,,Others,
2015,Product life cycle emissions,Gross emissions,Scope 3,Manufacturing,29600000
2015,Product life cycle emissions,Gross emissions,Scope 3,Product transportation,1300000
2015,Product life cycle emissions,Gross emissions,Scope 3,Product use,6600000
2015,Product life cycle emissions,Gross emissions,Scope 3,Others,500000
2015,Product life cycle emissions,Carbon removals,,Others,
